{"Points":{"RBPT":18.825,"Ferrari":9.4864864865,"Mercedes":7.747826087,"Renault":3.0277777778}}